source_script,seed,status,result_file,Model,N_test,AUROC,AUPRC,Accuracy,Precision,Recall_Sensitivity,Specificity,F1,Brier,Threshold,Best_Val_AUROC,Best_Epoch,Val_AUROC,Val_AUPRC
train_behrt_365d_control,43,SUCCESS,multiseed_runs/train_behrt_365d_control/seed_43/behrt_365d_control_results.csv,BEHRT Control 365d,1337,0.6951896901700997,0.1383023485103747,0.7823485415108452,0.1544117647058823,0.4077669902912621,0.813614262560778,0.224,0.162300528166958,0.4999999999999998,0.690107796124379,7.0,,
train_behrt_365d_control,44,SUCCESS,multiseed_runs/train_behrt_365d_control/seed_44/behrt_365d_control_results.csv,BEHRT Control 365d,1337,0.6845682994760114,0.1368191093842385,0.7531787584143605,0.146417445482866,0.4563106796116505,0.7779578606158833,0.2216981132075471,0.1325285997102878,0.3299999999999998,0.7135725478153371,9.0,,
train_behrt_365d_control,45,SUCCESS,multiseed_runs/train_behrt_365d_control/seed_45/behrt_365d_control_results.csv,BEHRT Control 365d,1337,0.6804692294377744,0.1373191640233865,0.7741211667913238,0.1433691756272401,0.3883495145631068,0.8063209076175041,0.2094240837696335,0.2297926514988575,0.6899999999999997,0.7089189678658887,9.0,,
train_behrt_365d_control,46,SUCCESS,multiseed_runs/train_behrt_365d_control/seed_46/behrt_365d_control_results.csv,BEHRT Control 365d,1337,0.678313480511715,0.1335652536310387,0.7479431563201197,0.1454545454545454,0.4660194174757281,0.7714748784440842,0.2217090069284064,0.1651414993123058,0.5249999999999998,0.6983519555272089,4.0,,
train_biobert_365d_control,43,SUCCESS,multiseed_runs/train_biobert_365d_control/seed_43/biobert_diagtext_365d_control_results.csv,BioBERT Diagnosis-Text 365d Control,1337,0.7567622854085695,0.2519618893511823,0.8653702318623785,0.238095238095238,0.3398058252427184,0.9092382495948136,0.28,0.1004857942739731,0.4149999999999998,0.7629272671438359,3.0,,
train_biobert_365d_control,44,SUCCESS,multiseed_runs/train_biobert_365d_control/seed_44/biobert_diagtext_365d_control_results.csv,BioBERT Diagnosis-Text 365d Control,1337,0.7588472250633351,0.2768058934117312,0.8137621540762902,0.188034188034188,0.4271844660194174,0.8460291734197731,0.2611275964391691,0.225089622886918,0.8799999999999997,0.770612367026512,5.0,,
train_biobert_365d_control,45,SUCCESS,multiseed_runs/train_biobert_365d_control/seed_45/biobert_diagtext_365d_control_results.csv,BioBERT Diagnosis-Text 365d Control,1337,0.7154332740633507,0.1990554263256517,0.8960359012715033,0.2954545454545454,0.2524271844660194,0.9497568881685576,0.2722513089005235,0.2412695561717416,0.4899999999999997,0.6767572973015537,3.0,,
train_biobert_365d_control,46,SUCCESS,multiseed_runs/train_biobert_365d_control/seed_46/biobert_diagtext_365d_control_results.csv,BioBERT Diagnosis-Text 365d Control,1337,0.7222388318043776,0.1716539004368407,0.8040388930441287,0.1977186311787072,0.5048543689320388,0.8290113452188006,0.2841530054644808,0.178507705065772,0.4399999999999998,0.733840423940346,7.0,,
train_cehrbert_365d_control,43,SUCCESS,multiseed_runs/train_cehrbert_365d_control/seed_43/cehrbert_365d_control_results.csv,CEHR-BERT-style 365d Temporal-Ablation Control,1337,0.7097055907853534,0.1746751745592146,0.743455497382199,0.1449704142011834,0.4757281553398058,0.7658022690437601,0.2222222222222222,0.1619412710100533,0.4849999999999997,0.715233978220301,10.0,,
train_cehrbert_365d_control,44,SUCCESS,multiseed_runs/train_cehrbert_365d_control/seed_44/cehrbert_365d_control_results.csv,CEHR-BERT-style 365d Temporal-Ablation Control,1337,0.6720665292442292,0.1256566625008018,0.7913238593866866,0.148,0.3592233009708738,0.8273905996758509,0.2096317280453258,0.1940545665613613,0.6799999999999997,0.6849975196655091,5.0,,
train_cehrbert_365d_control,45,SUCCESS,multiseed_runs/train_cehrbert_365d_control/seed_45/cehrbert_365d_control_results.csv,CEHR-BERT-style 365d Temporal-Ablation Control,1337,0.6925697471322245,0.1660358208628041,0.8511593118922962,0.2037037037037037,0.3203883495145631,0.8954619124797407,0.2490566037735849,0.1497810436553442,0.6399999999999998,0.6960133544358618,11.0,,
train_cehrbert_365d_control,46,SUCCESS,multiseed_runs/train_cehrbert_365d_control/seed_46/cehrbert_365d_control_results.csv,CEHR-BERT-style 365d Temporal-Ablation Control,1337,0.6816808547465815,0.1511734785142763,0.8047868362004488,0.1535087719298245,0.3398058252427184,0.8435980551053485,0.2114803625377643,0.1575086474088195,0.5599999999999998,0.6862101276388003,4.0,,
train_clinical_longformer_365d_control,43,SUCCESS,multiseed_runs/train_clinical_longformer_365d_control/seed_43/clinical_longformer_365d_control_results.csv,Clinical Longformer Diagnosis-Text 365d Control,1337,0.7140406917279035,0.1934504251297005,0.8391922213911742,0.2052631578947368,0.3786407766990291,0.8776337115072933,0.2662116040955631,0.2289074775115968,0.8499999999999996,0.7395255080748667,2.0,,
train_clinical_longformer_365d_control,44,SUCCESS,multiseed_runs/train_clinical_longformer_365d_control/seed_44/clinical_longformer_365d_control_results.csv,Clinical Longformer Diagnosis-Text 365d Control,1337,0.7593192868719612,0.2157797487909378,0.7741211667913238,0.1880877742946708,0.5825242718446602,0.7901134521880064,0.2843601895734597,0.0744870981007263,0.1249999999999999,0.75419491492059,6.0,,
train_clinical_longformer_365d_control,45,SUCCESS,multiseed_runs/train_clinical_longformer_365d_control/seed_45/clinical_longformer_365d_control_results.csv,Clinical Longformer Diagnosis-Text 365d Control,1337,0.7415382920803764,0.2104041881336012,0.8930441286462228,0.2872340425531915,0.2621359223300971,0.9457050243111832,0.2741116751269035,0.1396350375985298,0.8299999999999996,0.7484153418530856,3.0,,
train_clinical_longformer_365d_control,46,SUCCESS,multiseed_runs/train_clinical_longformer_365d_control/seed_46/clinical_longformer_365d_control_results.csv,Clinical Longformer Diagnosis-Text 365d Control,1337,0.7271168038268477,0.2343964616438633,0.8735976065818998,0.2676056338028169,0.3689320388349514,0.9157212317666128,0.310204081632653,0.0766685226514275,0.1899999999999999,0.7341317648170458,6.0,,
train_clinicalbert_365d_control,43,SUCCESS,multiseed_runs/train_clinicalbert_365d_control/seed_43/clinicalbert_diagtext_365d_control_results.csv,ClinicalBERT Diagnosis-Text 365d Control,1337,0.7378640776699029,0.2423793992382978,0.9080029917726252,0.3529411764705882,0.233009708737864,0.9643435980551054,0.2807017543859649,0.3329150606725793,0.7399999999999997,0.7437302655926425,1.0,,
train_clinicalbert_365d_control,44,SUCCESS,multiseed_runs/train_clinicalbert_365d_control/seed_44/clinicalbert_diagtext_365d_control_results.csv,ClinicalBERT Diagnosis-Text 365d Control,1337,0.7470614152413023,0.2348793585184929,0.7808526551982049,0.1854304635761589,0.5436893203883495,0.8006482982171799,0.2765432098765432,0.1997068303869951,0.6049999999999998,0.7609429995511775,2.0,,
train_clinicalbert_365d_control,45,SUCCESS,multiseed_runs/train_clinicalbert_365d_control/seed_45/clinicalbert_diagtext_365d_control_results.csv,ClinicalBERT Diagnosis-Text 365d Control,1337,0.7505940111091879,0.2412069766884577,0.7793567688855647,0.2,0.6213592233009708,0.7925445705024311,0.3026004728132387,0.1355129220797994,0.3499999999999998,0.7740690871581666,2.0,,
train_clinicalbert_365d_control,46,SUCCESS,multiseed_runs/train_clinicalbert_365d_control/seed_46/clinicalbert_diagtext_365d_control_results.csv,ClinicalBERT Diagnosis-Text 365d Control,1337,0.752545199918176,0.2876394639594379,0.8354525056095736,0.2304147465437788,0.4854368932038835,0.8646677471636953,0.3125,0.1666023525449949,0.5949999999999998,0.7563996566902103,6.0,,
train_fttransformer_365d_control,43,SUCCESS,multiseed_runs/train_fttransformer_365d_control/seed_43/fttransformer_365d_control_results.csv,FT-Transformer 365d Control,1337,0.7065073720319114,0.178494999987491,0.8332086761406133,0.1808510638297872,0.3300970873786408,0.8752025931928687,0.2336769759450171,0.1936590084270546,0.5449999999999998,0.6489814880432129,11.0,,
train_fttransformer_365d_control,44,SUCCESS,multiseed_runs/train_fttransformer_365d_control/seed_44/fttransformer_365d_control_results.csv,FT-Transformer 365d Control,1337,0.7144144073263993,0.1763712321951722,0.7980553477935677,0.1776061776061776,0.4466019417475728,0.8273905996758509,0.2541436464088398,0.2573717835205476,0.6049999999999998,0.6520051338986921,12.0,,
train_fttransformer_365d_control,45,SUCCESS,multiseed_runs/train_fttransformer_365d_control/seed_45/fttransformer_365d_control_results.csv,FT-Transformer 365d Control,1337,0.7126441755440511,0.1805826461865605,0.7995512341062079,0.1764705882352941,0.4368932038834951,0.8298217179902755,0.2513966480446927,0.2400912594407455,0.5449999999999998,0.6521783636091623,14.0,,
train_fttransformer_365d_control,46,SUCCESS,multiseed_runs/train_fttransformer_365d_control/seed_46/fttransformer_365d_control_results.csv,FT-Transformer 365d Control,1337,0.7123609384588756,0.1767617855469992,0.8047868362004488,0.1762295081967213,0.4174757281553398,0.8371150729335495,0.2478386167146974,0.186462081597008,0.5149999999999998,0.650438192426712,16.0,,
train_lstm_gru_365d_baselines,43,SUCCESS,multiseed_runs/train_lstm_gru_365d_baselines/seed_43/lstm_gru_365d_results.csv,LSTM 365d,1337,0.6975342638196095,0.173668843060598,0.8414360508601346,0.1955307262569832,0.3398058252427184,0.8833063209076175,0.2482269503546099,0.192423135785047,0.6899999999999997,0.7306592965298939,3.0,0.7306592965298939,0.2016963584646523
train_lstm_gru_365d_baselines,43,SUCCESS,multiseed_runs/train_lstm_gru_365d_baselines/seed_43/lstm_gru_365d_results.csv,GRU 365d,1337,0.6662759043917484,0.1672571241030002,0.8354525056095736,0.1694915254237288,0.2912621359223301,0.8808752025931929,0.2142857142857142,0.1631933265759776,0.6649999999999997,0.7279506137843605,3.0,0.7279506137843605,0.202935200506103
train_lstm_gru_365d_baselines,44,SUCCESS,multiseed_runs/train_lstm_gru_365d_baselines/seed_44/lstm_gru_365d_results.csv,LSTM 365d,1337,0.6660713442746771,0.1352031999512606,0.7913238593866866,0.1422764227642276,0.3398058252427184,0.8290113452188006,0.2005730659025787,0.2059705416866005,0.6599999999999997,0.7162024897833841,3.0,0.7162024897833841,0.1840395064340474
train_lstm_gru_365d_baselines,44,SUCCESS,multiseed_runs/train_lstm_gru_365d_baselines/seed_44/lstm_gru_365d_results.csv,GRU 365d,1337,0.6792654718257777,0.1391533256027065,0.8047868362004488,0.1473214285714285,0.3203883495145631,0.8452188006482982,0.2018348623853211,0.2140804672012961,0.6649999999999997,0.6997062968999755,2.0,0.6997062968999755,0.1632759069573561
train_lstm_gru_365d_baselines,45,SUCCESS,multiseed_runs/train_lstm_gru_365d_baselines/seed_45/lstm_gru_365d_results.csv,LSTM 365d,1337,0.7061179210397949,0.1676090972478507,0.8466716529543755,0.2,0.3300970873786408,0.8897893030794165,0.2490842490842491,0.173133480468345,0.6899999999999997,0.7221789147946047,3.0,0.7221789147946047,0.1789765474602526
train_lstm_gru_365d_baselines,45,SUCCESS,multiseed_runs/train_lstm_gru_365d_baselines/seed_45/lstm_gru_365d_results.csv,GRU 365d,1337,0.6759374360749635,0.1709275030641405,0.7860882572924458,0.1672727272727272,0.4466019417475728,0.8144246353322528,0.2433862433862433,0.1739360740754264,0.5699999999999998,0.7066197371632846,4.0,0.7066197371632846,0.1684035916212054
train_lstm_gru_365d_baselines,46,SUCCESS,multiseed_runs/train_lstm_gru_365d_baselines/seed_46/lstm_gru_365d_results.csv,LSTM 365d,1337,0.6987301537347957,0.1740982055051412,0.8160059835452506,0.179372197309417,0.3883495145631068,0.8517017828200972,0.2453987730061349,0.1767919009201837,0.6449999999999998,0.6949975984062867,3.0,0.6949975984062867,0.1579231829742785
train_lstm_gru_365d_baselines,46,SUCCESS,multiseed_runs/train_lstm_gru_365d_baselines/seed_46/lstm_gru_365d_results.csv,GRU 365d,1337,0.6979197809633207,0.1601042162644613,0.7591623036649214,0.1567398119122257,0.4854368932038835,0.7820097244732577,0.2369668246445497,0.194460599552583,0.5949999999999998,0.6994936968007622,2.0,0.6994936968007622,0.1536017765942787
train_medbert_365d_control,43,SUCCESS,multiseed_runs/train_medbert_365d_control/seed_43/medbert_365d_control_results.csv,Med-BERT-style 365d Control,1337,0.7161728375635317,0.1755594484004654,0.7988032909498878,0.17578125,0.4368932038834951,0.8290113452188006,0.2506963788300835,0.1573291738752157,0.5349999999999998,0.726903361443791,5.0,,
train_medbert_365d_control,44,SUCCESS,multiseed_runs/train_medbert_365d_control/seed_44/medbert_365d_control_results.csv,Med-BERT-style 365d Control,1337,0.7395477647873362,0.1998663007980285,0.818997756170531,0.1883408071748878,0.4077669902912621,0.853322528363047,0.2576687116564417,0.1588816052930292,0.6299999999999998,0.7149977558878415,6.0,,
train_medbert_365d_control,45,SUCCESS,multiseed_runs/train_medbert_365d_control/seed_45/medbert_365d_control_results.csv,Med-BERT-style 365d Control,1337,0.736023036616261,0.2243837473241977,0.818997756170531,0.209205020920502,0.4854368932038835,0.846839546191248,0.2923976608187134,0.1261259081168229,0.4049999999999998,0.7249427160843787,6.0,,
train_medbert_365d_control,46,SUCCESS,multiseed_runs/train_medbert_365d_control/seed_46/medbert_365d_control_results.csv,Med-BERT-style 365d Control,1337,0.7221758902298943,0.1878056657243952,0.8593866866118175,0.1897810218978102,0.2524271844660194,0.9100486223662884,0.2166666666666666,0.1501803020862429,0.5899999999999997,0.7397381081740801,5.0,,
train_structured_baselines_365d,43,SUCCESS,multiseed_runs/train_structured_baselines_365d/seed_43/structured_baselines_365d_results.csv,Logistic Regression 365d,1337,0.7051777312709477,0.1819950033655117,0.8384442782348541,0.2041884816753926,0.3786407766990291,0.8768233387358185,0.2653061224489796,0.2266836364182123,0.5849999999999997,,,0.6577059661887101,0.154680506740679
train_structured_baselines_365d,43,SUCCESS,multiseed_runs/train_structured_baselines_365d/seed_43/structured_baselines_365d_results.csv,Random Forest 365d,1337,0.5900929961762993,0.103510681576986,0.6843679880329095,0.1022443890274314,0.3980582524271844,0.7082658022690438,0.1626984126984127,0.1232992583774146,0.1449999999999999,,,0.5383152623249002,0.1096517693699779
train_structured_baselines_365d,43,SUCCESS,multiseed_runs/train_structured_baselines_365d/seed_43/structured_baselines_365d_results.csv,XGBoost 365d,1337,0.6556663152428758,0.1467019664578853,0.7344801795063575,0.125,0.4077669902912621,0.7617504051863857,0.1913439635535307,0.1954871229818523,0.5249999999999998,,,0.630804179560469,0.1088100383381685
train_structured_baselines_365d,43,SUCCESS,multiseed_runs/train_structured_baselines_365d/seed_43/structured_baselines_365d_results.csv,MLP 365d,1337,0.7058543531966452,0.1744461784423206,0.6791323859386686,0.1456521739130434,0.6504854368932039,0.6815235008103727,0.2380106571936056,0.2398490768928629,0.5349999999999998,,,0.6556035874298223,0.1585875769874616
train_structured_baselines_365d,44,SUCCESS,multiseed_runs/train_structured_baselines_365d/seed_44/structured_baselines_365d_results.csv,Logistic Regression 365d,1337,0.7051777312709477,0.1819950033655117,0.8384442782348541,0.2041884816753926,0.3786407766990291,0.8768233387358185,0.2653061224489796,0.2266836364182123,0.5849999999999997,,,0.6577059661887101,0.154680506740679
train_structured_baselines_365d,44,SUCCESS,multiseed_runs/train_structured_baselines_365d/seed_44/structured_baselines_365d_results.csv,Random Forest 365d,1337,0.5977049928403959,0.1055590279982825,0.6761406133133882,0.1090047393364928,0.4466019417475728,0.6952998379254457,0.1752380952380952,0.1227845234814929,0.1049999999999999,,,0.5420633233332547,0.1155395231818329
train_structured_baselines_365d,44,SUCCESS,multiseed_runs/train_structured_baselines_365d/seed_44/structured_baselines_365d_results.csv,XGBoost 365d,1337,0.646697140878979,0.1549618766812757,0.6896035901271503,0.1080402010050251,0.4174757281553398,0.7123176661264181,0.1716566866267465,0.196628246078265,0.5049999999999998,,,0.627414389089678,0.1103050121421921
train_structured_baselines_365d,44,SUCCESS,multiseed_runs/train_structured_baselines_365d/seed_44/structured_baselines_365d_results.csv,MLP 365d,1337,0.707168258563988,0.1762248016331812,0.6484667165295438,0.1366336633663366,0.6699029126213593,0.646677471636953,0.2269736842105263,0.2335157757223698,0.5099999999999998,,,0.6564382396711785,0.1563645757500717
train_structured_baselines_365d,45,SUCCESS,multiseed_runs/train_structured_baselines_365d/seed_45/structured_baselines_365d_results.csv,Logistic Regression 365d,1337,0.7051777312709477,0.1819950033655117,0.8384442782348541,0.2041884816753926,0.3786407766990291,0.8768233387358185,0.2653061224489796,0.2266836364182123,0.5849999999999997,,,0.6577059661887101,0.154680506740679
train_structured_baselines_365d,45,SUCCESS,multiseed_runs/train_structured_baselines_365d/seed_45/structured_baselines_365d_results.csv,Random Forest 365d,1337,0.5934957750468127,0.1054009156746313,0.6447270007479432,0.1075949367088607,0.4951456310679611,0.6572123176661264,0.1767764298093587,0.1221320669232821,0.065,,,0.545126339577477,0.1107782255875851
train_structured_baselines_365d,45,SUCCESS,multiseed_runs/train_structured_baselines_365d/seed_45/structured_baselines_365d_results.csv,XGBoost 365d,1337,0.6482470771506349,0.1402354273154875,0.5759162303664922,0.1067796610169491,0.6116504854368932,0.5729335494327391,0.1818181818181818,0.1962948861051377,0.4399999999999998,,,0.6321860802053558,0.1103971098280958
train_structured_baselines_365d,45,SUCCESS,multiseed_runs/train_structured_baselines_365d/seed_45/structured_baselines_365d_results.csv,MLP 365d,1337,0.7117708611980929,0.1864143942265397,0.700074794315632,0.1534883720930232,0.6407766990291263,0.7050243111831442,0.24765478424015,0.2375414496299106,0.5349999999999998,,,0.6525287600689769,0.1541840922803738
train_structured_baselines_365d,46,SUCCESS,multiseed_runs/train_structured_baselines_365d/seed_46/structured_baselines_365d_results.csv,Logistic Regression 365d,1337,0.7051777312709477,0.1819950033655117,0.8384442782348541,0.2041884816753926,0.3786407766990291,0.8768233387358185,0.2653061224489796,0.2266836364182123,0.5849999999999997,,,0.6577059661887101,0.154680506740679
train_structured_baselines_365d,46,SUCCESS,multiseed_runs/train_structured_baselines_365d/seed_46/structured_baselines_365d_results.csv,Random Forest 365d,1337,0.5962534027788704,0.1052590757871949,0.6267763649962603,0.1071428571428571,0.5242718446601942,0.6353322528363047,0.1779242174629324,0.1231746345768033,0.05,,,0.5493153489397554,0.1107505869629477
train_structured_baselines_365d,46,SUCCESS,multiseed_runs/train_structured_baselines_365d/seed_46/structured_baselines_365d_results.csv,XGBoost 365d,1337,0.6584829507010117,0.1529432541856802,0.7531787584143605,0.1326860841423948,0.3980582524271844,0.7828200972447326,0.1990291262135922,0.1960212189647532,0.5399999999999998,,,0.6261860329608895,0.1088574949769278
train_structured_baselines_365d,46,SUCCESS,multiseed_runs/train_structured_baselines_365d/seed_46/structured_baselines_365d_results.csv,MLP 365d,1337,0.7082697361174489,0.1780617669823167,0.706058339566193,0.1497584541062802,0.6019417475728155,0.7147487844408428,0.2398452611218568,0.2614464425010709,0.5699999999999998,,,0.6539815274136017,0.1539186603430899
train_timeaware_behrt_365d,43,SUCCESS,multiseed_runs/train_timeaware_behrt_365d/seed_43/timeaware_behrt_365d_results.csv,Time-Aware BEHRT 365d,1337,0.6612720492203112,0.1213387177547069,0.8017950635751683,0.1318181818181818,0.2815533980582524,0.8452188006482982,0.1795665634674922,0.1924922637351718,0.7349999999999997,0.6965724139560154,9.0,,
train_timeaware_behrt_365d,44,SUCCESS,multiseed_runs/train_timeaware_behrt_365d/seed_44/timeaware_behrt_365d_results.csv,Time-Aware BEHRT 365d,1337,0.6747100753725355,0.1248144379652776,0.8332086761406133,0.1385542168674698,0.2233009708737864,0.8841166936790924,0.1710037174721189,0.1414536032649714,0.6649999999999997,0.6901786628241167,9.0,,
train_timeaware_behrt_365d,45,SUCCESS,multiseed_runs/train_timeaware_behrt_365d/seed_45/timeaware_behrt_365d_results.csv,Time-Aware BEHRT 365d,1337,0.6709257132067157,0.1479841452320945,0.7322363500373972,0.1487603305785124,0.5242718446601942,0.7495948136142626,0.2317596566523605,0.167561063211837,0.4249999999999998,0.6988952668918653,9.0,,
train_timeaware_behrt_365d,46,SUCCESS,multiseed_runs/train_timeaware_behrt_365d/seed_46/timeaware_behrt_365d_results.csv,Time-Aware BEHRT 365d,1337,0.6659847996097622,0.1150583794267202,0.7015706806282722,0.13,0.5048543689320388,0.7179902755267423,0.2067594433399602,0.2159458338408474,0.5599999999999998,0.7104071685603823,7.0,,
train_timeaware_biobert_365d,43,SUCCESS,multiseed_runs/train_timeaware_biobert_365d/seed_43/timeaware_biobert_diagtext_365d_results.csv,Time-Aware BioBERT Diagnosis-Text 365d,1337,0.7449056663152428,0.2556827232704374,0.8638743455497382,0.2451612903225806,0.3689320388349514,0.9051863857374391,0.2945736434108527,0.0714639079906732,0.1999999999999999,0.7468247781478594,4.0,,
train_timeaware_biobert_365d,44,SUCCESS,multiseed_runs/train_timeaware_biobert_365d/seed_44/timeaware_biobert_diagtext_365d_results.csv,Time-Aware BioBERT Diagnosis-Text 365d,1337,0.7144576796588569,0.2086865053909652,0.8354525056095736,0.208955223880597,0.4077669902912621,0.8711507293354943,0.2763157894736842,0.1578908820594457,0.7249999999999998,0.7496673202151197,2.0,,
train_timeaware_biobert_365d,45,SUCCESS,multiseed_runs/train_timeaware_biobert_365d/seed_45/timeaware_biobert_diagtext_365d_results.csv,Time-Aware BioBERT Diagnosis-Text 365d,1337,0.7335958521502415,0.1809349362182801,0.1151832460732984,0.0800933125972006,1.0,0.0413290113452188,0.148308135349172,0.1097856948365824,0.2649999999999999,0.7448601957495729,3.0,,
train_timeaware_biobert_365d,46,SUCCESS,multiseed_runs/train_timeaware_biobert_365d/seed_46/timeaware_biobert_diagtext_365d_results.csv,Time-Aware BioBERT Diagnosis-Text 365d,1337,0.7249295841135466,0.2416451654827272,0.7771129394166043,0.1782178217821782,0.5242718446601942,0.7982171799027553,0.2660098522167488,0.0955374510405391,0.1799999999999999,0.7709588264474524,5.0,,
train_timeaware_cehrbert_365d,43,SUCCESS,multiseed_runs/train_timeaware_cehrbert_365d/seed_43/timeaware_cehrbert_365d_results.csv,Time-Aware CEHR-BERT-style 365d,1337,0.683403880348067,0.1504307808127401,0.6858638743455497,0.135632183908046,0.5728155339805825,0.6952998379254457,0.2193308550185873,0.1500310558888287,0.1849999999999999,0.7182103796092882,10.0,,
train_timeaware_cehrbert_365d,44,SUCCESS,multiseed_runs/train_timeaware_cehrbert_365d/seed_44/timeaware_cehrbert_365d_results.csv,Time-Aware CEHR-BERT-style 365d,1337,0.6726015326273387,0.1325476370165555,0.7150336574420344,0.1361256544502617,0.5048543689320388,0.7325769854132901,0.2144329896907216,0.1441220731182667,0.3499999999999998,0.69660391026701,6.0,,
train_timeaware_cehrbert_365d,45,SUCCESS,multiseed_runs/train_timeaware_cehrbert_365d/seed_45/timeaware_cehrbert_365d_results.csv,Time-Aware CEHR-BERT-style 365d,1337,0.6646315557583674,0.1183722788292938,0.7763649962602842,0.1343283582089552,0.3495145631067961,0.8119935170178282,0.1940700808625337,0.1324991401593139,0.3899999999999998,0.7080685674690351,5.0,,
train_timeaware_cehrbert_365d,46,SUCCESS,multiseed_runs/train_timeaware_cehrbert_365d/seed_46/timeaware_cehrbert_365d_results.csv,Time-Aware CEHR-BERT-style 365d,1337,0.6417365580399993,0.1198270856287619,0.6858638743455497,0.1305361305361305,0.5436893203883495,0.6977309562398704,0.2105263157894736,0.1959944540843462,0.4649999999999998,0.7114937912896953,6.0,,
train_timeaware_clinical_longformer_365d,43,SUCCESS,multiseed_runs/train_timeaware_clinical_longformer_365d/seed_43/timeaware_clinical_longformer_365d_results.csv,Time-Aware Clinical Longformer Diagnosis-Text 365d,1337,0.7255432644647606,0.2090066900424372,0.7464472700074795,0.160919540229885,0.5436893203883495,0.7633711507293355,0.2483370288248337,0.0930570785954948,0.1799999999999999,0.744360191812534,5.0,,
train_timeaware_clinical_longformer_365d,44,SUCCESS,multiseed_runs/train_timeaware_clinical_longformer_365d/seed_44/timeaware_clinical_longformer_365d_results.csv,Time-Aware Clinical Longformer Diagnosis-Text 365d,1337,0.7268571698321034,0.1919348825861438,0.8601346297681376,0.2083333333333333,0.2912621359223301,0.9076175040518638,0.242914979757085,0.2039377776618913,0.7449999999999997,0.7447460216222176,2.0,,
train_timeaware_clinical_longformer_365d,45,SUCCESS,multiseed_runs/train_timeaware_clinical_longformer_365d/seed_45/timeaware_clinical_longformer_365d_results.csv,Time-Aware Clinical Longformer Diagnosis-Text 365d,1337,0.7430803606552218,0.229738368953923,0.7920718025430067,0.1863799283154122,0.5048543689320388,0.8160453808752026,0.2722513089005235,0.1297416791333639,0.4049999999999998,0.7740769612359153,3.0,,
train_timeaware_clinical_longformer_365d,46,SUCCESS,multiseed_runs/train_timeaware_clinical_longformer_365d/seed_46/timeaware_clinical_longformer_365d_results.csv,Time-Aware Clinical Longformer Diagnosis-Text 365d,1337,0.7259602523957137,0.2130489191585852,0.8444278234854151,0.2131147540983606,0.3786407766990291,0.8833063209076175,0.2727272727272727,0.1086620930204659,0.4599999999999998,0.7482342380648667,1.0,,
train_timeaware_clinicalbert_365d,43,SUCCESS,multiseed_runs/train_timeaware_clinicalbert_365d/seed_43/timeaware_clinicalbert_diagtext_365d_results.csv,Time-Aware ClinicalBERT Diagnosis-Text 365d,1337,0.7612862110745701,0.2380728107689768,0.8616305160807779,0.2559523809523809,0.4174757281553398,0.8987034035656402,0.3173431734317343,0.0925098218660114,0.2999999999999999,0.7550295671619461,3.0,,
train_timeaware_clinicalbert_365d,44,SUCCESS,multiseed_runs/train_timeaware_clinicalbert_365d/seed_44/timeaware_clinicalbert_diagtext_365d_results.csv,Time-Aware ClinicalBERT Diagnosis-Text 365d,1337,0.7312788154395682,0.2083777680462437,0.8668661181750187,0.2093023255813953,0.2621359223300971,0.9173419773095624,0.2327586206896551,0.2110778733442563,0.6449999999999998,0.754281529775825,2.0,,
train_timeaware_clinicalbert_365d,45,SUCCESS,multiseed_runs/train_timeaware_clinicalbert_365d/seed_45/timeaware_clinicalbert_diagtext_365d_results.csv,Time-Aware ClinicalBERT Diagnosis-Text 365d,1337,0.7478796557095876,0.252956208870404,0.8384442782348541,0.2041884816753926,0.3786407766990291,0.8768233387358185,0.2653061224489796,0.1588665868507612,0.6999999999999997,0.7744549169678502,2.0,,
train_timeaware_clinicalbert_365d,46,SUCCESS,multiseed_runs/train_timeaware_clinicalbert_365d/seed_46/timeaware_clinicalbert_diagtext_365d_results.csv,Time-Aware ClinicalBERT Diagnosis-Text 365d,1337,0.7230334691822317,0.2065846191329286,0.7898279730740464,0.1821428571428571,0.4951456310679611,0.8144246353322528,0.2663185378590078,0.1523491692362234,0.3849999999999998,0.7589114874920274,1.0,,
train_timeaware_fttransformer_365d,43,SUCCESS,multiseed_runs/train_timeaware_fttransformer_365d/seed_43/timeaware_fttransformer_365d_results.csv,Time-Aware FT-Transformer 365d,1337,0.6828964139037939,0.176372854607624,0.7898279730740464,0.1775362318840579,0.4757281553398058,0.8160453808752026,0.258575197889182,0.2172908797363593,0.4599999999999998,0.6639619209600076,2.0,,
train_timeaware_fttransformer_365d,44,SUCCESS,multiseed_runs/train_timeaware_fttransformer_365d/seed_44/timeaware_fttransformer_365d_results.csv,Time-Aware FT-Transformer 365d,1337,0.676543248729367,0.1766418812027781,0.8930441286462228,0.25,0.1941747572815534,0.9513776337115072,0.2185792349726776,0.2079269936085201,0.4499999999999998,0.6679619524563185,2.0,,
train_timeaware_fttransformer_365d,45,SUCCESS,multiseed_runs/train_timeaware_fttransformer_365d/seed_45/timeaware_fttransformer_365d_results.csv,Time-Aware FT-Transformer 365d,1337,0.6767832134820853,0.1675486577647796,0.605833956619297,0.1267605633802817,0.6990291262135923,0.5980551053484603,0.2146050670640834,0.2063360591944137,0.4449999999999998,0.6690407011078827,1.0,,
train_timeaware_fttransformer_365d,46,SUCCESS,multiseed_runs/train_timeaware_fttransformer_365d/seed_46/timeaware_fttransformer_365d_results.csv,Time-Aware FT-Transformer 365d,1337,0.6904572705386225,0.1797549855244117,0.8332086761406133,0.190721649484536,0.3592233009708738,0.8727714748784441,0.2491582491582491,0.2241511591463205,0.4699999999999998,0.6728832510492209,1.0,,
train_timeaware_lstm_gru_365d,43,SUCCESS,multiseed_runs/train_timeaware_lstm_gru_365d/seed_43/timeaware_lstm_gru_365d_results.csv,Time-Aware LSTM 365d,1337,0.6886044279397647,0.1670036482795031,0.8369483919222139,0.1925133689839572,0.3495145631067961,0.8776337115072933,0.2482758620689655,0.2239040330260334,0.7699999999999997,0.7569429680548666,3.0,0.7569429680548666,0.2151128379342044
train_timeaware_lstm_gru_365d,43,SUCCESS,multiseed_runs/train_timeaware_lstm_gru_365d/seed_43/timeaware_lstm_gru_365d_results.csv,Time-Aware GRU 365d,1337,0.6370395430441692,0.1695320413400991,0.8511593118922962,0.2037037037037037,0.3203883495145631,0.8954619124797407,0.2490566037735849,0.1515264021313694,0.6899999999999997,0.748116126898637,4.0,0.748116126898637,0.2291312220341236
train_timeaware_lstm_gru_365d,44,SUCCESS,multiseed_runs/train_timeaware_lstm_gru_365d/seed_44/timeaware_lstm_gru_365d_results.csv,Time-Aware LSTM 365d,1337,0.6314692137023807,0.1239438426736736,0.8197456993268512,0.125,0.2233009708737864,0.8695299837925445,0.1602787456445993,0.173432940930485,0.6899999999999997,0.7252025606500838,5.0,0.7252025606500838,0.1828026334088144
train_timeaware_lstm_gru_365d,44,SUCCESS,multiseed_runs/train_timeaware_lstm_gru_365d/seed_44/timeaware_lstm_gru_365d_results.csv,Time-Aware GRU 365d,1337,0.6039480102594765,0.1505533328818025,0.8257292445774121,0.1428571428571428,0.2524271844660194,0.873581847649919,0.1824561403508772,0.1960493932505898,0.7649999999999997,0.7148717706438634,5.0,0.7148717706438634,0.1797609741098584
train_timeaware_lstm_gru_365d,45,SUCCESS,multiseed_runs/train_timeaware_lstm_gru_365d/seed_45/timeaware_lstm_gru_365d_results.csv,Time-Aware LSTM 365d,1337,0.7094852952746613,0.1616259077445925,0.7816005983545251,0.1588447653429603,0.4271844660194174,0.8111831442463533,0.231578947368421,0.1846788502335877,0.5949999999999998,0.7359506767769824,2.0,0.7359506767769824,0.1787511566715126
train_timeaware_lstm_gru_365d,45,SUCCESS,multiseed_runs/train_timeaware_lstm_gru_365d/seed_45/timeaware_lstm_gru_365d_results.csv,Time-Aware GRU 365d,1337,0.6896036254346901,0.1714018792493706,0.8279730740463724,0.1809045226130653,0.3495145631067961,0.8679092382495948,0.23841059602649,0.1660148674259971,0.6599999999999997,0.723871841510563,3.0,0.723871841510563,0.1615969632085057
train_timeaware_lstm_gru_365d,46,SUCCESS,multiseed_runs/train_timeaware_lstm_gru_365d/seed_46/timeaware_lstm_gru_365d_results.csv,Time-Aware LSTM 365d,1337,0.6478654938553289,0.1751772687629944,0.8077786088257293,0.1622807017543859,0.3592233009708738,0.8452188006482982,0.2235649546827794,0.1721167288085443,0.6199999999999998,0.7047850770478509,5.0,0.7047850770478509,0.194103120468461
train_timeaware_lstm_gru_365d,46,SUCCESS,multiseed_runs/train_timeaware_lstm_gru_365d/seed_46/timeaware_lstm_gru_365d_results.csv,Time-Aware GRU 365d,1337,0.6840096930024704,0.1645365203914436,0.7741211667913238,0.1627118644067796,0.4660194174757281,0.799837925445705,0.2412060301507537,0.1772769677740284,0.5749999999999997,0.7143205852014582,2.0,0.7143205852014582,0.1523717424818661
train_timeaware_medbert_365d,43,SUCCESS,multiseed_runs/train_timeaware_medbert_365d/seed_43/timeawaremedbert_365d_results.csv,Time-Aware Med-BERT-style 365d,1337,0.6729791820742396,0.1345847929114044,0.7367240089753179,0.1412103746397694,0.4757281553398058,0.7585089141004863,0.2177777777777777,0.2164767172621914,0.6049999999999998,0.69770628115182,3.0,,
train_timeaware_medbert_365d,44,SUCCESS,multiseed_runs/train_timeaware_medbert_365d/seed_44/timeawaremedbert_365d_results.csv,Time-Aware Med-BERT-style 365d,1337,0.7102091233812212,0.171055016728859,0.8406881077038145,0.1839080459770115,0.3106796116504854,0.8849270664505673,0.2310469314079422,0.1948945948415994,0.8149999999999996,0.7169741494027512,10.0,,
train_timeaware_medbert_365d,45,SUCCESS,multiseed_runs/train_timeaware_medbert_365d/seed_45/timeawaremedbert_365d_results.csv,Time-Aware Med-BERT-style 365d,1337,0.706715865997388,0.1539878889497887,0.8384442782348541,0.1695906432748538,0.2815533980582524,0.8849270664505673,0.2116788321167883,0.1587336193480371,0.7049999999999997,0.7361947731871904,10.0,,
train_timeaware_medbert_365d,46,SUCCESS,multiseed_runs/train_timeaware_medbert_365d/seed_46/timeawaremedbert_365d_results.csv,Time-Aware Med-BERT-style 365d,1337,0.6920976853235983,0.1388989473559834,0.674644727000748,0.1437768240343347,0.6504854368932039,0.6766612641815235,0.2355008787346221,0.229620573381213,0.5149999999999998,0.7101788203056717,6.0,,
train_timeaware_transtab_365d,43,SUCCESS,multiseed_runs/train_timeaware_transtab_365d/seed_43/timeaware_transtab_365d_results.csv,Time-Aware TransTab 365d,1337,0.7073216786517914,0.1759944268639608,0.7973074046372476,0.1793893129770992,0.4563106796116505,0.8257698541329012,0.2575342465753424,0.0679292069460784,0.0899999999999999,,,,
train_timeaware_transtab_365d,44,SUCCESS,multiseed_runs/train_timeaware_transtab_365d/seed_44/timeaware_transtab_365d_results.csv,Time-Aware TransTab 365d,1337,0.7040644521722711,0.1741842353493245,0.8077786088257293,0.1764705882352941,0.4077669902912621,0.8411669367909238,0.2463343108504398,0.068900007238331,0.1449999999999999,,,,
train_timeaware_transtab_365d,45,SUCCESS,multiseed_runs/train_timeaware_transtab_365d/seed_45/timeaware_transtab_365d_results.csv,Time-Aware TransTab 365d,1337,0.716377397680603,0.1856321779114358,0.7995512341062079,0.178988326848249,0.4466019417475728,0.8290113452188006,0.2555555555555555,0.0678631176131024,0.0949999999999999,,,,
train_timeaware_transtab_365d,46,SUCCESS,multiseed_runs/train_timeaware_transtab_365d/seed_46/timeaware_transtab_365d_results.csv,Time-Aware TransTab 365d,1337,0.6815392362039937,0.167141015923383,0.8070306656694092,0.1729957805907173,0.3980582524271844,0.8411669367909238,0.2411764705882353,0.069230305114296,0.1399999999999999,,,,
train_transtab_365d_control,43,SUCCESS,multiseed_runs/train_transtab_365d_control/seed_43/transtab_365d_control_results.csv,TransTab 365d Control,1337,0.7066529244229045,0.1790698479272475,0.8219895287958116,0.1917808219178082,0.4077669902912621,0.8565640194489466,0.2608695652173913,0.0682021419824895,0.0949999999999999,,,,
train_transtab_365d_control,44,SUCCESS,multiseed_runs/train_transtab_365d_control/seed_44/transtab_365d_control_results.csv,TransTab 365d Control,1337,0.7076875265534768,0.1810901898087598,0.8002991772625281,0.1796875,0.4466019417475728,0.8298217179902755,0.2562674094707521,0.0693924227615171,0.0799999999999999,,,,
train_transtab_365d_control,45,SUCCESS,multiseed_runs/train_transtab_365d_control/seed_45/transtab_365d_control_results.csv,TransTab 365d Control,1337,0.7106143097669588,0.1799103053101496,0.8085265519820494,0.1902834008097166,0.4563106796116505,0.8379254457050244,0.2685714285714285,0.068506470426474,0.0949999999999999,,,,
train_transtab_365d_control,46,SUCCESS,multiseed_runs/train_transtab_365d_control/seed_46/transtab_365d_control_results.csv,TransTab 365d Control,1337,0.7077740712183915,0.1772949189460817,0.7569184741959611,0.1636363636363636,0.5242718446601942,0.7763371150729336,0.2494226327944572,0.0681442527608637,0.0749999999999999,,,,
